"","Param","starting_value","Lower","MLE","Upper","final_gradient","summary(Opt$SD, ""fixed"")[, ""Std. Error""]"
"log_d0","log_d0",0,-Inf,4.2042152454022,Inf,1.92605013971382e-07,0.260513687545267
"log_sigmaP","log_sigmaP",1,-Inf,-1.52772207486349,Inf,-4.45955622083714e-07,0.117851155182634
"log_sigmaM","log_sigmaM",1,-Inf,-12.602926982783,Inf,2.75469399300347e-10,26029.8440043728
"alpha","alpha",0,-Inf,2.12296833291583,Inf,1.01415665495722e-06,0.6652356191063
"rho","rho",0,-Inf,0.534989073577766,Inf,4.91719614775057e-06,0.145993116527693
